https://itunes.apple.com/app/h-m/id589351740,"DOWNLOAD IOS
                                    ","Friday January 26, 2018 10:39 PM",true
https://play.google.com/store/apps/details?id=com.hm,"DOWNLOAD ANDROID 
                                    ","Friday January 26, 2018 10:39 PM",true
https://itunes.apple.com/app/h-m/id589351740,DOWNLOAD IOS,"Friday January 26, 2018 10:39 PM",true
https://play.google.com/store/apps/details?id=com.hm,DOWNLOAD ANDROID ,"Friday January 26, 2018 10:39 PM",true
https://itunes.apple.com/app/h-m/id589351740,"DOWNLOAD IOS
                                    ","Friday January 26, 2018 10:39 PM",true
https://play.google.com/store/apps/details?id=com.hm,"DOWNLOAD ANDROID 
                                    ","Friday January 26, 2018 10:39 PM",true
https://itunes.apple.com/app/h-m/id589351740,DOWNLOAD IOS,"Friday January 26, 2018 10:39 PM",true
https://play.google.com/store/apps/details?id=com.hm,DOWNLOAD ANDROID ,"Friday January 26, 2018 10:39 PM",true
http://about.hm.com/en/sustainability.html,"













SUSTAINABILITY




SUSTAINABLE FASHION


Look good, do good, feel good. Learn more about our sustainability work.











READ MORE
                                    







","Friday January 26, 2018 10:39 PM",true
http://about.hm.com/en/sustainability.html,"













SUSTAINABILITY




SUSTAINABLE FASHION


Look good, do good, feel good. Learn more about our sustainability work.











READ MORE
                                    







","Friday January 26, 2018 10:39 PM",true
